DistrictName,SubCountyName
KALANGALA,BUJUMBA
KALANGALA,KALANGALA TC
KALANGALA,MUGOYE
KALANGALA,BUBEKE
KALANGALA,BUFUMIRA
KALANGALA,KYAMUSWA
KALANGALA,MAZINGA
KAMPALA,CENTRAL DIVISION
KAMPALA,NAKAWA DIVISION
KAMPALA,KAWEMPE DIVISION
KAMPALA,LUBAGA DIVISION
KAMPALA,MAKINDYE DIVISION
KAMPALA,LUBAGA DIVISION
KAMPALA,NAKAWA DIVISION
KAMPALA,MAKINDYE DIVISION
KAMPALA,NAKAWA DIVISION
KAMPALA,CENTRAL DIVISION
KAMPALA,KAWEMPE DIVISION
KAMPALA,LUBAGA DIVISION
KIBOGA,KIBIGA
KIBOGA,KIBOGA TOWN COUNCIL
KIBOGA,LWAMATA
KIBOGA,MUWANGA
KIBOGA,BUKOMERO
KIBOGA,BUKOMERO TC
KIBOGA,DDWANIRO
KIBOGA,KAPEKE
KIBOGA,KIBIGA
LUWERO,KATIKAMU
LUWERO,LUWEERO TOWN COUNCIL
LUWERO,LUWERO
LUWERO,MAKULUBITA
LUWERO,NYIMBWA
LUWERO,WOBULENZI TOWN COUNCIL
LUWERO,BAMUNANIKA
LUWERO,KALAGALA
LUWERO,KAMIRA
LUWERO,KIKYUSA
LUWERO,ZIROBWE
LUWERO,BOMBO TOWN COUNCIL
LUWERO,BUTUNTUMULA
LUWERO,KATIKAMU
MASAKA,MUKUNGWE
MASAKA,KATWE/BUTEGO
MASAKA,KIMAANYA/KYABAKUZA
MASAKA,NYENDO-SSENYANGE
MASAKA,BUKAKATA
MASAKA,BUWUNGA
MASAKA,KABONERA
MASAKA,KYANNAMUKAAKA
MASAKA,KYESIIGA
MASAKA,MUKUNGWE
MPIGI,BUWAMA
MPIGI,KAMMENGO
MPIGI,KIRINGENTE
MPIGI,KITUNTU
MPIGI,MPIGI TOWN COUNCIL
MPIGI,MUDUUMA
MPIGI,NKOZI
MUBENDE,BUTOLOOGO
MUBENDE,KITENGA
MUBENDE,KIYUNI
MUBENDE,MADUDU
MUBENDE,MUBENDE TC
MUBENDE,BAGEZZA
MUBENDE,KASAMBYA
MUBENDE,KIBALINGA
MUBENDE,KIGANDO
MUBENDE,NABINGOOLA
MUBENDE,BUKUYA
MUBENDE,KITUMBI
MUBENDE,MAKOKOTO
MUBENDE,MANYOGASEKA
MUBENDE,MYANZI
MUBENDE,NALUTUNTU
MUBENDE,BUKUYA
MUBENDE,KALWANA
MUBENDE,KASSANDA
MUBENDE,KIGANDA
MUBENDE,KITUMBI
MUKONO,KYAMPISI
MUKONO,MPATTA
MUKONO,MPUNGE
MUKONO,NAKISUNGA
MUKONO,NAMA
MUKONO,NTENJERU
MUKONO,CENTRAL DIVISION
MUKONO,NABBAALE
MUKONO,NAGOJJE
MUKONO,NTUNDA
MUKONO,SEETA-NAMUGANGA
MUKONO,KOOME
MUKONO,KYAMPISI
MUKONO,CENTRAL DIVISION
MUKONO,GOMA DIVISION
MUKONO,KASAWO
MUKONO,KIMENYEDDE
NAKASONGOLA,KALUNGI
NAKASONGOLA,LWABIYATA
NAKASONGOLA,LWAMPANGA
NAKASONGOLA,MIGEERA TOWN COUNCIL
NAKASONGOLA,NABISWEERA
NAKASONGOLA,NAKASONGOLA TOWN COUNCIL
NAKASONGOLA,NAKITOMA
NAKASONGOLA,WABINYONYI
NAKASONGOLA,KAKOOGE
NAKASONGOLA,KAKOOGE TOWN COUNCIL
NAKASONGOLA,KALONGO
NAKASONGOLA,KALUNGI
RAKAI,KIZIBA
RAKAI,KYALULANGIRA
RAKAI,LWAMAGWA
RAKAI,LWANDA
RAKAI,RAKAI TOWN COUNCIL
RAKAI,KABIRA
RAKAI,KALISIZO
RAKAI,KALISIZO TOWN COUNCIL
RAKAI,KAKUUTO
RAKAI,KASASA
RAKAI,KALISIZO TOWN COUNCIL
RAKAI,KASAALI
RAKAI,KIRUMBA
RAKAI,KYOTERA TOWN COUNCIL
RAKAI,LWANKONI
RAKAI,NABIGASA
RAKAI,KASASA
RAKAI,KIBANDA
RAKAI,KIFAMBA
RAKAI,KYEBE
RAKAI,BYAKABANDA
RAKAI,DDWANIRO
RAKAI,KACHEERA
RAKAI,KAGAMBA
RAKAI,KIZIBA
SSEMBABULE,LUGUSULU
SSEMBABULE,LWEBITAKULI
SSEMBABULE,MATEETE
SSEMBABULE,LWEMIYAGA
SSEMBABULE,NTUSI
SSEMBABULE,LUGUSULU
SSEMBABULE,MATEETE
SSEMBABULE,MATEETE TC
SSEMBABULE,MIJWALA
SSEMBABULE,SEMBABULE TOWN COUNCIL
KAYUNGA,BBAALE
KAYUNGA,GALIRAAYA
KAYUNGA,KAYONZA
KAYUNGA,KITIMBWA
KAYUNGA,BUSANA
KAYUNGA,KANGULUMIRA
KAYUNGA,KAYUNGA
KAYUNGA,KAYUNGA TOWN COUNCIL
KAYUNGA,NAZIGO
WAKISO,BUSSI
WAKISO,NSANGI
WAKISO,SSISA
WAKISO,WAKISO
WAKISO,MASULITA
WAKISO,MASULITA TOWN COUNCIL
WAKISO,MENDE
WAKISO,NAMAYUMBA
WAKISO,NAMAYUMBA TOWN COUNCIL
WAKISO,NSANGI
WAKISO,WAKISO
WAKISO,WAKISO TOWN COUNCIL
WAKISO,DIVISION A
WAKISO,DIVISION B
WAKISO,BUSSI
WAKISO,KAKIRI
WAKISO,KAKIRI TOWN COUNCIL
WAKISO,KASANJE
WAKISO,KATABI
WAKISO,MASULITA
WAKISO,DIVISION B
WAKISO,BUSUKUMA
WAKISO,GOMBE
WAKISO,KIRA TOWN COUNCIL
WAKISO,MAKIDYE-SSABAGABO
WAKISO,NABWERU
WAKISO,NANGABO
WAKISO,NANSANA TOWN COUNCIL
WAKISO,KIRA TOWN COUNCIL
WAKISO,MAKIDYE-SSABAGABO
WAKISO,NABWERU
WAKISO,NANSANA TOWN COUNCIL
LYANTONDE,KALIIRO
LYANTONDE,KASAGAMA
LYANTONDE,KINUUKA
LYANTONDE,LYANTONDE
LYANTONDE,LYANTONDE TC
LYANTONDE,MPUMUDDE
MITYANA,BANDA
MITYANA,BUTAYUNJA
MITYANA,KAKINDU
MITYANA,MAANYI
MITYANA,MALANGALA
MITYANA,BULERA
MITYANA,BUSIMBI
MITYANA,SSEKANYONYI
MITYANA,BUSIMBI
MITYANA,KALANGALO
MITYANA,KIKANDWA
MITYANA,MITYANA TOWN COUNCIL
MITYANA,NAMUNGO
MITYANA,SSEKANYONYI
NAKASEKE,BUTALANGU TOWN COUNCIL
NAKASEKE,KAPEEKA
NAKASEKE,KASANGOMBE
NAKASEKE,KIKAMULO
NAKASEKE,KINONI
NAKASEKE,KINYOGOGA
NAKASEKE,KITO
NAKASEKE,KIWOKO TOWN COUNCIL
NAKASEKE,NAKASEKE
NAKASEKE,NAKASEKE TOWN COUNCIL
NAKASEKE,NGOMA
NAKASEKE,NGOMA TOWN COUNCIL
NAKASEKE,SEMUTO
NAKASEKE,SEMUTO TOWN COUNCIL
NAKASEKE,WAKYATO
BUIKWE,BUIKWE
BUIKWE,BUIKWE TC
BUIKWE,KAWOLO
BUIKWE,LUGAZI TC
BUIKWE,NYENGA
BUIKWE,SSI BUKUNJA
BUIKWE,WAKISI
BUIKWE,LUGAZI TC
BUIKWE,NAJJA
BUIKWE,NAJJEMBE
BUIKWE,NGOGWE
BUIKWE,NJERU TC
BUIKWE,NKOKONJERU TC
BUIKWE,NYENGA
BUKOMANSIMBI,BIGASA
BUKOMANSIMBI,BUKOMASIMBI TOWN COUNCIL
BUKOMANSIMBI,BUTENGA
BUKOMANSIMBI,KIBINGE
BUKOMANSIMBI,KITANDA
BUTAMBALA,BUDDE
BUTAMBALA,BULO
BUTAMBALA,GOMBE TOWN COUNCIL
BUTAMBALA,KALAMBA
BUTAMBALA,KIBIBI
BUTAMBALA,NGANDO
BUVUMA,BUGAYA
BUVUMA,BUSAMUZI
BUVUMA,BUVUMA TC
BUVUMA,BUWOOYA
BUVUMA,BWEEMA
BUVUMA,LUBYA
BUVUMA,LWAJJE
BUVUMA,LYABAANA
BUVUMA,NAIRAMBI
GOMBA,KABULASOKE
GOMBA,KANONI TC
GOMBA,KYEGONZA
GOMBA,MADDU
GOMBA,MPENJA
KALUNGU,BUKULULA
KALUNGU,KALUNGU
KALUNGU,KALUNGU TOWN COUNCIL
KALUNGU,KYAMULIBWA
KALUNGU,LUKAYA TOWN COUNCIL
KALUNGU,LWABENGE
KYANKWANZI,BANANYWA
KYANKWANZI,BUTEMBA
KYANKWANZI,BUTEMBA  TC
KYANKWANZI,GAYAZA
KYANKWANZI,KYANKWANZI
KYANKWANZI,MULAGI
KYANKWANZI,NKANDWA
KYANKWANZI,NSAMBYA
KYANKWANZI,NTWETWE
KYANKWANZI,NTWETWE  TOWN  COUNCIL
KYANKWANZI,WATTUBA
LWENGO,KISEKKA
LWENGO,KKINGO
LWENGO,KYAZANGA
LWENGO,KYAZANGA TC
LWENGO,LWENGO
LWENGO,LWENGO TC
LWENGO,MALONGO
LWENGO,NDAGWE
BUGIRI,BUDHAYA
BUGIRI,BUGIRI TC
BUGIRI,BULESA
BUGIRI,BULIDHA
BUGIRI,BULUGUYI
BUGIRI,BUWUNGA
BUGIRI,IWEMBA
BUGIRI,KAPYANGA
BUGIRI,MUTERERE
BUGIRI,NABUKALU
BUGIRI,NANKOMA
BUSIA,EASTERN DIVISION
BUSIA,WESTERN DIVISION
BUSIA,BUHEHE
BUSIA,BULUMBI
BUSIA,BUSIME
BUSIA,BUSITEMA
BUSIA,BUTEBA
BUSIA,BUYANGA
BUSIA,DABANI
BUSIA,LUMINO
BUSIA,LUNYO
BUSIA,MAJANJI
BUSIA,MASABA
BUSIA,MASAFU
BUSIA,MASINYA
BUSIA,SIKUDA
IGANGA,BUSEMBATIA TOWN COUNCIL
IGANGA,NAWANDALA
IGANGA,NAWANYINGI
IGANGA,BULAMOGI
IGANGA,NABITENDE
IGANGA,NAKALAMA
IGANGA,NAKIGO
IGANGA,NAMBALE
IGANGA,NAMUNGALWE
IGANGA,NAWANDALA
IGANGA,BUSEMBATIA TOWN COUNCIL
IGANGA,BUYANGA
IGANGA,IBULANKU
IGANGA,IGOMBE
IGANGA,MAKUUTU
IGANGA,NAMALEMBA
IGANGA,CENTRAL DIVISION
IGANGA,NORTHERN DIVISION
IGANGA,BULAMOGI
JINJA,MAFUBIRA
JINJA,JINJA CENTRAL DIVISION
JINJA,KIMAKA/MPUMUDDE/NALUFENYA
JINJA,MASESE/WALUKUBA
JINJA,BUDONDO
JINJA,BUTAGAYA
JINJA,BUWENGE
JINJA,BUGEMBE TOWN COUNCIL
JINJA,BUSEDDE
JINJA,KAKIRA TOWN COUNCIL
JINJA,MAFUBIRA
JINJA,BUWENGE
JINJA,BUWENGE TOWN COUNCIL
JINJA,BUYENGO
KAMULI,BALAWOLI
KAMULI,BULOPA
KAMULI,BUTANSI
KAMULI,KAMULI TOWN COUNCIL
KAMULI,KITAYUNJWA
KAMULI,NABWIGULU
KAMULI,NAMASAGALI
KAMULI,NAMWENDWA
KAMULI,BUGULUMBYA
KAMULI,KISOZI
KAMULI,MBULAMUTI
KAMULI,NAWANYAGO
KAMULI,WANKOLE
KAPCHORWA,AMUKOL
KAPCHORWA,KAPTANYA
KAPCHORWA,KAPTERET
KAPCHORWA,KASEREM
KAPCHORWA,KAWOWO
KAPCHORWA,MUNARYA
KAPCHORWA,SIPI
KAPCHORWA,TEGERES
KAPCHORWA,AMUKOL
KAPCHORWA,CHEMA
KAPCHORWA,CHEPTERET
KAPCHORWA,GAMOGO
KAPCHORWA,KABEYWA
KAPCHORWA,KAPCHESOMBE
KAPCHORWA,KAPCHORWA TOWN COUNCIL
KAPCHORWA,KAPSINDA
KAPCHORWA,KAPTANYA
KATAKWI,KAPUJAN
KATAKWI,MAGORO
KATAKWI,TOROMA
KATAKWI,OMODOI
KATAKWI,ONGONGOJA
KATAKWI,NGARIAM
KATAKWI,USUK
KATAKWI,OMODOI
KATAKWI,KATAKWI
KATAKWI,KATAKWI TC
KATAKWI,PALAM
KATAKWI,ONGONGOJA
KUMI,ATUTUR
KUMI,KANYUM
KUMI,KUMI
KUMI,KUMI TC
KUMI,MUKONGORO
KUMI,NYERO
KUMI,ONGINO
MBALE,BUBYANGU
MBALE,INDUSTRIAL DIVISION
MBALE,BUBYANGU
MBALE,INDUSTRIAL DIVISION
MBALE,BUBYANGU
MBALE,INDUSTRIAL DIVISION
MBALE,BUBYANGU
MBALE,INDUSTRIAL DIVISION
MBALE,BUBYANGU
MBALE,INDUSTRIAL DIVISION
MBALE,BUBYANGU
MBALE,INDUSTRIAL DIVISION
MBALE,BUBYANGU
MBALE,INDUSTRIAL DIVISION
MBALE,BUBYANGU
MBALE,INDUSTRIAL DIVISION
MBALE,BUBYANGU
MBALE,INDUSTRIAL DIVISION
MBALE,BUBYANGU
MBALE,INDUSTRIAL DIVISION
MBALE,BUBYANGU
MBALE,INDUSTRIAL DIVISION
MBALE,BUBYANGU
MBALE,INDUSTRIAL DIVISION
MBALE,BUBYANGU
MBALE,INDUSTRIAL DIVISION
MBALE,BUBYANGU
MBALE,INDUSTRIAL DIVISION
MBALE,BUBYANGU
MBALE,INDUSTRIAL DIVISION
MBALE,BUBYANGU
MBALE,INDUSTRIAL DIVISION
MBALE,BUBYANGU
MBALE,INDUSTRIAL DIVISION
MBALE,BUBYANGU
MBALE,INDUSTRIAL DIVISION
MBALE,BUBYANGU
MBALE,INDUSTRIAL DIVISION
MBALE,BUBYANGU
MBALE,INDUSTRIAL DIVISION
MBALE,BUBYANGU
MBALE,INDUSTRIAL DIVISION
MBALE,BUBYANGU
MBALE,BUDWALE
MBALE,NORTHERN DIVISION
MBALE,BUDWALE
MBALE,NORTHERN DIVISION
MBALE,BUDWALE
MBALE,NORTHERN DIVISION
MBALE,BUDWALE
MBALE,NORTHERN DIVISION
MBALE,BUDWALE
MBALE,NORTHERN DIVISION
MBALE,BUDWALE
MBALE,NORTHERN DIVISION
MBALE,BUDWALE
MBALE,NORTHERN DIVISION
MBALE,BUDWALE
MBALE,NORTHERN DIVISION
MBALE,BUDWALE
MBALE,NORTHERN DIVISION
MBALE,BUDWALE
MBALE,NORTHERN DIVISION
MBALE,BUDWALE
MBALE,NORTHERN DIVISION
MBALE,BUDWALE
MBALE,NORTHERN DIVISION
MBALE,BUDWALE
MBALE,NORTHERN DIVISION
MBALE,BUDWALE
MBALE,NORTHERN DIVISION
MBALE,BUDWALE
MBALE,NORTHERN DIVISION
MBALE,BUDWALE
MBALE,NORTHERN DIVISION
MBALE,BUDWALE
MBALE,NORTHERN DIVISION
MBALE,BUDWALE
MBALE,NORTHERN DIVISION
MBALE,BUFUMBO
MBALE,WANALE DIVISION
MBALE,BUFUMBO
MBALE,WANALE DIVISION
MBALE,BUFUMBO
MBALE,WANALE DIVISION
MBALE,BUFUMBO
MBALE,WANALE DIVISION
MBALE,BUFUMBO
MBALE,WANALE DIVISION
MBALE,BUFUMBO
MBALE,WANALE DIVISION
MBALE,BUFUMBO
MBALE,WANALE DIVISION
MBALE,BUFUMBO
MBALE,WANALE DIVISION
MBALE,BUFUMBO
MBALE,WANALE DIVISION
MBALE,BUFUMBO
MBALE,WANALE DIVISION
MBALE,BUFUMBO
MBALE,WANALE DIVISION
MBALE,BUFUMBO
MBALE,WANALE DIVISION
MBALE,BUFUMBO
MBALE,WANALE DIVISION
MBALE,BUFUMBO
MBALE,WANALE DIVISION
MBALE,BUFUMBO
MBALE,WANALE DIVISION
MBALE,BUFUMBO
MBALE,BUKASAKYA
MBALE,BUKHIENDE
MBALE,BUSIU
MBALE,BUSOBA
MBALE,LUKHONGE
MBALE,LWASSO
MBALE,NAKALOKE
MBALE,NAKALOKE TC
MBALE,NAMANYONYI
MBALE,NYONDO
MBALE,WANALE
MBALE,BUKHIENDE
MBALE,BUKONDE
MBALE,BUMASIKYE
MBALE,BUMBOBI
MBALE,BUNGOKHO
MBALE,BUNGOKHO MUTOTO
MBALE,BUSANO
MBALE,BUSIU
MBALE,WANALE
PALLISA,BUTEBO
PALLISA,KABWANGASI
PALLISA,KAKORO
PALLISA,KANGINIMA
PALLISA,KIBALE
PALLISA,OPWATETA
PALLISA,PETETE
PALLISA,KAMUGE
PALLISA,KASODO
PALLISA,OLOK
PALLISA,PALLISA
PALLISA,PALLISA TC
PALLISA,PUTI-PUTI
PALLISA,AGULE
PALLISA,AKISIM
PALLISA,APOPONG
PALLISA,CHELEKURA
PALLISA,GOGONYO
PALLISA,KAMEKE
SOROTI,ARAPAI
SOROTI,ASURET
SOROTI,EASTERN DIVISION
SOROTI,NORTHERN DIVISION
SOROTI,WESTERN DIVISION
SOROTI,ASURET
SOROTI,GWERI
SOROTI,KAMUDA
SOROTI,KATINE
SOROTI,SOROTI
SOROTI,TUBUR
SOROTI,EASTERN DIVISION
TORORO,NABUYOGA
TORORO,NAGONGERA
TORORO,NAGONGERA TC
TORORO,PAYA
TORORO,PETTA
TORORO,RUBONGI
TORORO,SOP-SOP
TORORO,KWAPA
TORORO,MALABA TC
TORORO,MELLA
TORORO,MERIKIT
TORORO,MOLO
TORORO,MUKUJU
TORORO,OSUKURU
TORORO,EASTERN DIVISION
TORORO,WESTERN DIVISION
TORORO,IYOLWA
TORORO,KIREWA
TORORO,KISOKO
TORORO,MAGOLA
TORORO,MULANDA
KABERAMAIDO,OTUBOI
KABERAMAIDO,APERIKIRA
KABERAMAIDO,KABERAMAIDO
KABERAMAIDO,KABERAMAIDO TC
KABERAMAIDO,KOBULUBULU
KABERAMAIDO,OCHERO
KABERAMAIDO,ANYARA
KABERAMAIDO,APAPAI
KABERAMAIDO,BULULU
KABERAMAIDO,KAKURE
KABERAMAIDO,KALAKI
KABERAMAIDO,OTUBOI
KABERAMAIDO,ALWA
KABERAMAIDO,APERIKIRA
MAYUGE,MAYUGE TOWN COUNCIL
MAYUGE,MPUNGWE
MAYUGE,WAIRASA
MAYUGE,BAITAMBOGWE
MAYUGE,BUKABOOLI
MAYUGE,BUKATUBE
MAYUGE,BUSAKIRA
MAYUGE,BUWAAYA
MAYUGE,IMANYIRO
MAYUGE,JAGUZI
MAYUGE,KIGANDALO
MAYUGE,KITYERERA
MAYUGE,MALONGO
MAYUGE,MAYUGE TOWN COUNCIL
SIRONKO,BUDADIRI TC
SIRONKO,BUGITIMWA
SIRONKO,BUHUGU
SIRONKO,BUMALIMBA
SIRONKO,BUKHULO
SIRONKO,BUMASIFWA
SIRONKO,BUNYAFA
SIRONKO,BUSULANI
SIRONKO,BUTANDIGA
SIRONKO,BUTEZA
SIRONKO,BUWALASI
SIRONKO,BUWASA
SIRONKO,BUYOBO
SIRONKO,BUKHULO
SIRONKO,BUKIISE
SIRONKO,BUKIYI
SIRONKO,BUKYABO
SIRONKO,BUKYAMBI
SIRONKO,BUMALIMBA
SIRONKO,BUMASIFWA
SIRONKO,BUYOBO
SIRONKO,MASABA
SIRONKO,NALUSALA
SIRONKO,SIRONKO TC
SIRONKO,ZESUI
AMURIA,ABARILELA
AMURIA,AKERIAU
AMURIA,AMURIA TC
AMURIA,APEDURU
AMURIA,ASAMUK
AMURIA,AKOROMIT
AMURIA,KAPELEBYONG
AMURIA,OBALANGA
AMURIA,OKUNGUR
AMURIA,ASAMUK
AMURIA,KUJU
AMURIA,MORUNGATUNY
AMURIA,OGOLAI
AMURIA,ORUNGO
AMURIA,WERA
AMURIA,WILLA
AMURIA,ACOWA
AMURIA,AKOROMIT
BUDAKA,IKI-IKI
BUDAKA,KAMERUKA
BUDAKA,KAMONKOLI
BUDAKA,KATIIRA
BUDAKA,MUGITI
BUDAKA,BUDAKA TOWN COUNCIL
BUDAKA,KACHOMO
BUDAKA,KADERUNA
BUDAKA,KAKULE
BUDAKA,LYAMA
BUDAKA,NABOA
BUDAKA,NANSANGA
BUDAKA,BUDAKA
BUDAKA,IKI-IKI
BUDUDA,BUBIITA.
BUDUDA,BUDUDA TOWN COUNCIL.
BUDUDA,BUDUDA.
BUDUDA,BUKALASI.
BUDUDA,BUKIBOKOLO
BUDUDA,BUSHIRIBO
BUDUDA,BUSHIYI
BUDUDA,BUWALI.
BUDUDA,NABWEYA
BUDUDA,NAKATSI
BUDUDA,NALWANZA
BUDUDA,BUMAYOKA.
BUDUDA,BUSHIKA
BUDUDA,BUSHIRIBO
BUDUDA,BUKIBOKOLO
BUDUDA,BUKIGAI
BUDUDA,BULUKECHEKE
BUDUDA,BUMASHETI
BUDUDA,BUMAYOKA.
BUKEDEA,BUKEDEA
BUKEDEA,BUKEDEA TC
BUKEDEA,KACHUMBALA
BUKEDEA,KIDONGOLE
BUKEDEA,KOLIR
BUKEDEA,MALERA
BUKWO,BUKWO
BUKWO,BUKWO TOWN COUNCIL
BUKWO,CHEPKWASTA
BUKWO,CHESOWER
BUKWO,KABEI
BUKWO,KAMET
BUKWO,KAPTERERWO
BUKWO,KORTEK
BUKWO,RIWO
BUKWO,SENENDET
BUKWO,SUAM
BUKWO,TULEL
BUTALEJA,BUDUMBA
BUTALEJA,NAWEYO
BUTALEJA,BUDUMBA
BUTALEJA,BUSABA
BUTALEJA,BUSABI
BUTALEJA,BUSOLWE
BUTALEJA,BUSOLWE TOWN COUNCIL
BUTALEJA,BUTALEJA
BUTALEJA,BUTALEJA TOWN COUNCIL
BUTALEJA,HIMUTU
BUTALEJA,KACHONGA
BUTALEJA,MAZIMASA
BUTALEJA,NAWANJOFU
BUTALEJA,NAWEYO
KALIRO,BUMANYA
KALIRO,GADUMIRE
KALIRO,KALIRO TC
KALIRO,NAMUGONGO
KALIRO,NAMWIWA
KALIRO,NAWAIKOKE
MANAFWA,BUBUTU
MANAFWA,BUGOBERO
MANAFWA,BUKHABUSI
MANAFWA,BUKHAWEKA
MANAFWA,BUKHOFU
MANAFWA,BUKIABI
MANAFWA,BUKOKHO
MANAFWA,BUTIRU
MANAFWA,BUTTA
MANAFWA,BUWABWALA
MANAFWA,BUWAGOGO
MANAFWA,KAATO
MANAFWA,KHABUTOOLA
MANAFWA,LWAKHAKHA TC
MANAFWA,MAGALE
MANAFWA,MANAFWA TC
MANAFWA,MUKOTO
MANAFWA,NALONDO
MANAFWA,NAMABYA
MANAFWA,NAMBOKO
MANAFWA,SIBANGA
MANAFWA,SISUNI
MANAFWA,TSEKULULU
MANAFWA,WESWA
MANAFWA,BUKOKHO
MANAFWA,BUKUSU
MANAFWA,BUMBO
MANAFWA,BUMWONI
MANAFWA,BUNABWANA
MANAFWA,BUPOTO
MANAFWA,BUSUKUYA
MANAFWA,BUTIRU
NAMUTUMBA,BULANGE
NAMUTUMBA,IVUKULA
NAMUTUMBA,NSINZE
NAMUTUMBA,IVUKULA
NAMUTUMBA,KIBAALE
NAMUTUMBA,MAGADA
NAMUTUMBA,NAMUTUMBA
NAMUTUMBA,NAMUTUMBA TOWN COUNCIL
NAMUTUMBA,NSINZE
BULAMBULI,BUGINYANYA
BULAMBULI,BUKHALU
BULAMBULI,BULAAGO
BULAMBULI,BULAMBULI TC
BULAMBULI,BULEGENI
BULAMBULI,SIMU
BULAMBULI,BULUGANYA
BULAMBULI,BUMASOBO
BULAMBULI,BUMUGIBOLE
BULAMBULI,BUNAMBUTYE
BULAMBULI,BWIKHONGE
BULAMBULI,NABONGO
BULAMBULI,NAMISUNI
BULAMBULI,LUSHA
BULAMBULI,MASIIRA
BULAMBULI,MUYEMBE
BULAMBULI,NAMISUNI
BULAMBULI,SISIYI
BULAMBULI,BULEGENI TC
BULAMBULI,KAMU
BUYENDE,BUGAYA
BUYENDE,BUYENDE
BUYENDE,BUYENDE TOWN COUNCIL
BUYENDE,KAGULU
BUYENDE,KIDERA
BUYENDE,NKONDO
KIBUKU,BULANGIRA
KIBUKU,BUSETA
KIBUKU,KABWERI
KIBUKU,KADAMA
KIBUKU,KAGUMU
KIBUKU,KASASIRA
KIBUKU,KIBUKU
KIBUKU,KIBUKU TC
KIBUKU,KIRIKA
KIBUKU,TIRINYI
KWEEN,BENET
KWEEN,BINYINY
KWEEN,BINYINY TC
KWEEN,KAPRORON
KWEEN,KAPTOYOY
KWEEN,KAPTUM
KWEEN,KIRIKI
KWEEN,KITAWOI
KWEEN,KWANYIY
KWEEN,KWOSIR
KWEEN,MOYOK
KWEEN,NGENGE
LUUKA,BUKANGA
LUUKA,BUKOOMA
LUUKA,IKUMBYA
LUUKA,IRONGO
LUUKA,LUUKA TOWN COUNCIL
LUUKA,NAWAMPITI
LUUKA,WAIBUGA
LUUKA,BUKOOMA
LUUKA,BULONGO
LUUKA,IKUMBYA
NAMAYINGO,BANDA
NAMAYINGO,BUGANA
NAMAYINGO,BUHEMBA
NAMAYINGO,BUSWALE
NAMAYINGO,BUYINJA
NAMAYINGO,LOLWE
NAMAYINGO,MUTUMBA
NAMAYINGO,NAMAYINGO TC
NAMAYINGO,SIGULU ISLANDS
NGORA,KAPIR
NGORA,KOBWIN
NGORA,MUKURA
NGORA,NGORA
NGORA,NGORA TC
SERERE,BUGONDO
SERERE,KADUNGULU
SERERE,KASILO TC
SERERE,LABORI
SERERE,PINGIRE
SERERE,ATIIRA
SERERE,KATETA
SERERE,KYERE
SERERE,OLIO
SERERE,SERERE TC
ADJUMANI,ADJUMANI TOWN COUNCIL
ADJUMANI,ADROPI
ADJUMANI,ARINYAPI
ADJUMANI,CIFORO
ADJUMANI,DZAIPI
ADJUMANI,ITIRIKWA
ADJUMANI,OFUA
ADJUMANI,OKUSIJONI
ADJUMANI,PACARA
ADJUMANI,PAKELE
APAC,ABONGOMOLA
APAC,ADUKU
APAC,ADUKU TC
APAC,CHAWENTE
APAC,APAC
APAC,APAC TC
APAC,CHEGERE
APAC,IBUJE
APAC,CHAWENTE
APAC,INOMO
APAC,NAMBEISO
APAC,AKOKORO
APAC,APAC
ARUA,ARUA HILL
ARUA,RIVER OLI
ARUA,ADUMI
ARUA,AROI
ARUA,AJIA
ARUA,ARIVU
ARUA,LOGIRI
ARUA,VURRA
ARUA,AROI
ARUA,AYIVUNI
ARUA,DADAMU
ARUA,MANIBE
ARUA,OLUKO
ARUA,PAJULU
ARUA,AII-VU
ARUA,BILEAFE
ARUA,KATRINI
ARUA,OMUGO
ARUA,UDUPI
ARUA,URIAMA
ARUA,AJIA
ARUA,PAJULU
ARUA,ANYIRIBU
ARUA,EWANGA
ARUA,OFFAKA
ARUA,OGOKO
ARUA,OKOLLO
ARUA,PAWOR
ARUA,RHINO CAMP
ARUA,RIGBO
ARUA,ULEPPI
ARUA,AII-VU
GULU,AWACH
GULU,BUNGATIRA
GULU,PAICHO
GULU,PALARO
GULU,PATIKO
GULU,UNYAMA
GULU,BAR DEGE DIVISION
GULU,LAROO DIVISION
GULU,LAYIBI DIVISION
GULU,PECE DIVISION
GULU,BOBI
GULU,KORO
GULU,LAKWANA
GULU,LALOGI
GULU,ODEK
GULU,ONGAKO
KITGUM,KITGUM MATIDI
KITGUM,LABONGO AKWANG
KITGUM,LABONGO AMIDA
KITGUM,LABONGO LAYAMO
KITGUM,LAGORO
KITGUM,MUCWINI
KITGUM,NAMOKORA
KITGUM,OMIYA ANYIMA
KITGUM,KITGUM TC
KITGUM,LABONGO AKWANG
KITGUM,OMIYA ANYIMA
KITGUM,OROM
KITGUM,KITGUM MATIDI
KITGUM,KITGUM TC
KOTIDO,KACHERI
KOTIDO,KOTIDO
KOTIDO,KOTIDO TC
KOTIDO,NAKAPERIMORU
KOTIDO,PANYANGARA
KOTIDO,RENGEN
LIRA,ADEKOKWOK
LIRA,AGALI
LIRA,AGWENG
LIRA,AMACH
LIRA,AROMO
LIRA,ADYEL
LIRA,CENTRAL
LIRA,OJWINA
LIRA,RAILWAY
LIRA,AROMO
LIRA,BARR
LIRA,LIRA
LIRA,NGETTA
LIRA,OGUR
LIRA,ADYEL
MOROTO,KATIKEKILE
MOROTO,NADUNGET
MOROTO,RUPA
MOROTO,TAPAC
MOROTO,NORTH DIVISION
MOROTO,SOUTH DIVISION
MOYO,ALIBA
MOYO,GIMARA
MOYO,ITULA
MOYO,DIFULE
MOYO,LAROPI
MOYO,LEFORI
MOYO,METU
MOYO,MOYO
MOYO,MOYO TC
NEBBI,ALWI
NEBBI,NYARAVUR
NEBBI,PAROMBO
NEBBI,PAKWACH
NEBBI,PAKWACH TC
NEBBI,PANYANGO
NEBBI,PANYIMUR
NEBBI,WADELAI
NEBBI,AKWORO
NEBBI,ATEGO
NEBBI,ERUSSI
NEBBI,KUCWINY
NEBBI,NDHEW
NEBBI,NEBBI
NEBBI,NEBBI TC
NEBBI,NYARAVUR
NAKAPIRIPIRIT,LOREGAE
NAKAPIRIPIRIT,MORUITA
NAKAPIRIPIRIT,NAKAPIRIPIRIT TOWN COUNCIL
NAKAPIRIPIRIT,NAMALU
NAKAPIRIPIRIT,KAKOMONGOLE
NAKAPIRIPIRIT,MORUITA
NAKAPIRIPIRIT,LOLACHAT
NAKAPIRIPIRIT,LORENGEDWAT
NAKAPIRIPIRIT,NABILATUK
PADER,ACHOLI BUR
PADER,ANGANGURA
PADER,ATANGA
PADER,AWERE
PADER,LAGUTI
PADER,LAPUL
PADER,LATANYA
PADER,OGOM
PADER,PADER
PADER,PADER TOWN COUNCIL
PADER,PAJULE
PADER,PURANGA
YUMBE,APO
YUMBE,ARIWA
YUMBE,DRAJINI
YUMBE,KEI
YUMBE,KERWA
YUMBE,KOCHI
YUMBE,KULULU
YUMBE,KURU
YUMBE,LODONGA
YUMBE,MIDIGO
YUMBE,ODRAVU
YUMBE,ROMOGI
YUMBE,YUMBE TC
ABIM,ABIM
ABIM,ABIM TC
ABIM,ALEREK
ABIM,LOTUKEI
ABIM,MORULEM
ABIM,NYAKWAE
AMOLATAR,AGIKDAK
AMOLATAR,AGWINGIRI
AMOLATAR,AKWON
AMOLATAR,AMOLATAR TC
AMOLATAR,APUTI
AMOLATAR,ARWOTCEK
AMOLATAR,AWELO
AMOLATAR,ETAM
AMOLATAR,MUNTU
AMOLATAR,NAMASALE
AMOLATAR,NAMASALE TC
AMURU,AMURU
AMURU,AMURU TC
AMURU,ATIAK
AMURU,LAMOGI
AMURU,PABO
DOKOLO,ADEKNINO
DOKOLO,ADOK
DOKOLO,AGWATA
DOKOLO,AMWOMA
DOKOLO,BATTA
DOKOLO,DOKOLO
DOKOLO,DOKOLO TC
DOKOLO,KANGAI
DOKOLO,KWERA
DOKOLO,OKWALONGWEN
DOKOLO,OKWONGODUL
KAABONG,KAABONG  EAST
KAABONG,KAABONG TC
KAABONG,KAABONG WEST
KAABONG,LODIKO
KAABONG,LOLELIA
KAABONG,LOYORO
KAABONG,NAPORE (KARENGA )
KAABONG,SIDOK
KAABONG,KAABONG WEST
KAABONG,KALAPATA
KAABONG,KAMION
KAABONG,KAPEDO
KAABONG,KATHILE
KAABONG,KAWALAKOL
KAABONG,LOBALANGIT
KAABONG,LODIKO
KOBOKO,LOBULE
KOBOKO,LUDARA
KOBOKO,MIDIA
KOBOKO,ABUKU
KOBOKO,DRANYA
KOBOKO,KOBOKO TC
KOBOKO,KULUBA
KOBOKO,LOBULE
MARACHA,KIJOMORO
MARACHA,MARACHA  TOWN COUNCIL
MARACHA,NYADRI
MARACHA,OLEBA
MARACHA,OLUFEE
MARACHA,OLUVU
MARACHA,TARA
MARACHA,YIVU
OYAM,ABER
OYAM,ABOK
OYAM,OTWAL
OYAM,OYAM TOWN COUNCIL
OYAM,LORO
OYAM,MINAKULU
OYAM,MYENE
OYAM,NGAI
OYAM,OTWAL
OYAM,ABOK
OYAM,ACABA
OYAM,ALEKA
OYAM,ICEME
OYAM,KAMDINI
OYAM,LORO
AGAGO,PAIMOL
AGAGO,PARABONG
AGAGO,PATONGO
AGAGO,PATONGO TC
AGAGO,WOL
AGAGO,LAPONO
AGAGO,LIRA PALWO
AGAGO,LOKOLE
AGAGO,OMIYA PACWA
AGAGO,OMOT
AGAGO,PAIMOL
AGAGO,ADILANG
AGAGO,AGAGO TC
AGAGO,ARUM
AGAGO,KALONGO TC
AGAGO,KOTOMOL
AGAGO,LAMIYO
ALEBTONG,ABAKO
ALEBTONG,ABIA
ALEBTONG,AKURA
ALEBTONG,ALEBTONG TC
ALEBTONG,ALOI
ALEBTONG,AMUGU
ALEBTONG,APALA
ALEBTONG,AWEI
ALEBTONG,OMORO
AMUDAT,AMUDAT
AMUDAT,AMUDAT TOWN COUNCIL
AMUDAT,KARITA
AMUDAT,LOROO
KOLE,ABOKE
KOLE,AKALO
KOLE,OKWERODOT
KOLE,AKALO
KOLE,ALITO
KOLE,AYER
KOLE,BALA
KOLE,KOLE TC
KOLE,OKWERODOT
LAMWO,AGORO
LAMWO,LAMWO TC
LAMWO,LOKUNG
LAMWO,MADI OPEI
LAMWO,PADIBE  WEST
LAMWO,PADIBE EAST
LAMWO,PADIBE TC
LAMWO,PALABEK KAL
LAMWO,PALABEK- OGILI
LAMWO,PALABEK-GEM
LAMWO,PALOGA
NAPAK,IRIIRI
NAPAK,LORENGECORA
NAPAK,LOTOME
NAPAK,MATANY
NAPAK,NAPAK TC
NAPAK,NGOLERIET
NAPAK,LOKOPO
NAPAK,LOPEEI
NWOYA,ALERO
NWOYA,ANAKA (PAYIRA)
NWOYA,KOCH-GOMA
NWOYA,ANAKA TC
NWOYA,PURONGO
OTUKE,ADWARI
OTUKE,ALANGO
OTUKE,OGOR
OTUKE,OGWETTE
OTUKE,OKWANG
OTUKE,OLILM
OTUKE,ORUM
OTUKE,OTUKE TOWN COUNCIL
ZOMBO,ABANGA
ZOMBO,ATYAK
ZOMBO,JANGOKORO
ZOMBO,KANGO
ZOMBO,NYAPEA
ZOMBO,PAIDHA
ZOMBO,PAIDHA TC
ZOMBO,WARR
ZOMBO,ZEU
ZOMBO,ZOMBO TC
BUNDIBUGYO,BUKONZO
BUNDIBUGYO,HARUGALE
BUNDIBUGYO,NDUGUTU
BUNDIBUGYO,NGAMBA
BUNDIBUGYO,NTOTORO
BUNDIBUGYO,SINDILA
BUNDIBUGYO,BUBANDI
BUNDIBUGYO,NYAHUKA TC
BUNDIBUGYO,BUBANDI
BUNDIBUGYO,BUBUKWANGA
BUNDIBUGYO,BUNDIBUGYO TC
BUNDIBUGYO,BUSARU
BUNDIBUGYO,KASITU
BUNDIBUGYO,KIRUMYA
BUNDIBUGYO,KISUBA
BUNDIBUGYO,MIRAMBI
BUNDIBUGYO,NYAHUKA TC
BUSHENYI,KYAMUHUNGA
BUSHENYI,KYEIZOOBA
BUSHENYI,NYABUBARE
BUSHENYI,RUHUMURO
BUSHENYI,CENTRAL DIVISION
BUSHENYI,ISHAKA DIVISION
BUSHENYI,NYAKABIRIZI DIVISION
BUSHENYI,BITOOMA
BUSHENYI,BUMBAIRE
BUSHENYI,IBAARE
BUSHENYI,KAKANJU
BUSHENYI,KYABUGIMBI
BUSHENYI,KYAMUHUNGA
HOIMA,MPARO DIVISION
HOIMA,BUHANIKA
HOIMA,BUSERUKA
HOIMA,KIGOROBYA
HOIMA,KIGOROBYA TC
HOIMA,KITOBA
HOIMA,KYABIGAMBIRE
HOIMA,BUGAMBE
HOIMA,BUHIMBA
HOIMA,KABWOYA
HOIMA,KIZIRANFUMBI
HOIMA,KYANGWALI
HOIMA,BUJUMBURA DIVISION
HOIMA,BUSIISI DIVISION
HOIMA,KAHOORA DIVISION
HOIMA,MPARO DIVISION
KABALE,KATUNA TOWN COUNCUL
KABALE,KITUMBA
KABALE,KYANAMIRA
KABALE,NYAMWERU
KABALE,RUHIJA
KABALE,BUKINDA
KABALE,KAMWEZI
KABALE,KASHAMBYA
KABALE,MUHANGA TOWN COUNCIL
KABALE,RWAMUCUCU
KABALE,BUBAARE
KABALE,BUFUNDI
KABALE,HAMURWA
KABALE,HAMURWA TOWN COUNCIL
KABALE,IKUMBA
KABALE,MUKO
KABALE,NYAMWERU
KABALE,CENTRAL DIVISION
KABALE,NORTHERN DIVISION
KABALE,SOUTHERN DIVISION
KABALE,BUHARA
KABALE,BUTANDA
KABALE,KAHARO
KABALE,KAMUGANGUZI
KABALE,KATUNA TOWN COUNCUL
KABALE,KYANAMIRA
KABALE,MAZIBA
KABALE,RUBAYA
KABALE,BUBAARE
KABAROLE,KYAITAMBA TOWN COUNCIL
KABAROLE,MUGUSU
KABAROLE,RUTEETE
KABAROLE,EASTERN DIVISION
KABAROLE,SOUTHERN DIVISION
KABAROLE,WESTERN  DIVISION
KABAROLE,BUHEESI
KABAROLE,BUSORO
KABAROLE,HAKIBALE
KABAROLE,KARAGO TOWN COUNCIL
KABAROLE,KARAMBI
KABAROLE,KARANGURA
KABAROLE,KASENDA
KABAROLE,KICWAMBA
KABAROLE,KIKO TOWN COUNCIL
KABAROLE,KYAITAMBA TOWN COUNCIL
KABAROLE,BUHEESI
KABAROLE,KABONERO
KABAROLE,KATEEBWA
KABAROLE,KIBIITO
KABAROLE,KIBIITO TC
KABAROLE,KISOMORO
KABAROLE,RUBONA TC
KABAROLE,RWIMI
KABAROLE,RWIMI TC
KABAROLE,BUKUUKU
KABAROLE,BUSORO
KASESE,MALIBA
KASESE,MUHOKYA
KASESE,RUKOKI
KASESE,BULEMBIA  DIVISION
KASESE,CENTRAL DIVISION
KASESE,NYAMWAMBA DIVISION
KASESE,KISINGA
KASESE,KITHOLHU
KASESE,KYARUMBA
KASESE,KYONDO
KASESE,MAHANGO
KASESE,MPONDWE/LHUBIRIHA TOWN COUNCIL
KASESE,MUKUNYU
KASESE,NYAKATONNZI
KASESE,NYAKIYUMBU
KASESE,BWERA
KASESE,IHANDIRO
KASESE,ISANGO
KASESE,KARAMBI
KASESE,KISINGA
KASESE,NYAKIYUMBU
KASESE,BUGOYE
KASESE,BUHUHIRA
KASESE,BWESUMBU
KASESE,HIMA TOWN COUNCIL
KASESE,KARUSANDARA
KASESE,KATWE- KABATORO T.C
KASESE,KILEMBE
KASESE,KITSWAMBA
KASESE,KYABARUNGIRA
KASESE,LAKE KATWE
KASESE,MALIBA
KIBAALE,RUTEETE
KIBAALE,BUBANGO
KIBAALE,BWAMIRAMIRA
KIBAALE,KIBAALE TC
KIBAALE,KYEBANDO
KIBAALE,MATALE
KIBAALE,MUGARAMA
KIBAALE,NYAMARUNDA
KIBAALE,NYAMARWA
KIBAALE,BWANSWA
KIBAALE,KAKINDO
KIBAALE,KAKUMIRO TOWN COUNCIL
KIBAALE,KASAMBYA
KIBAALE,KASIITA
KIBAALE,MPASAANA
KIBAALE,NALWEYO
KIBAALE,NKOOKO
KIBAALE,BURORA
KIBAALE,BWIKARA
KIBAALE,KABAMBA
KIBAALE,KAGADI
KIBAALE,KAGADI TC
KIBAALE,KIRYANGA
KIBAALE,KYAKABADIIMA
KIBAALE,KYANAISOKE
KIBAALE,KYATEREKERA
KIBAALE,KYENZIGE
KIBAALE,MABAALE
KIBAALE,MPEEFU
KIBAALE,MUHORRO
KIBAALE,MUHORRO T-COUNCIL
KIBAALE,NDAIGA
KIBAALE,PAACWA
KIBAALE,RUGASHARI
KIBAALE,RUTEETE
KIBAALE,BIREMBO
KIBAALE,BWANSWA
KISORO,NYAKINAMA
KISORO,NYARUBUYE
KISORO,NYARUSIZA
KISORO,NYUNDO
KISORO,CHAHI
KISORO,KANABA
KISORO,KIRUNDO
KISORO,KISORO TOWN COUNCIL
KISORO,MURAMBA
KISORO,MURORA
KISORO,NYABWISHENYA
KISORO,NYAKABANDE
KISORO,NYAKINAMA
KISORO,BUKIMBIRI
KISORO,BUSANZA
KISORO,CHAHI
MASINDI,MIIRYA
MASINDI,PAKANYI
MASINDI,CENTRAL DIVISION
MASINDI,KARUJUBU
MASINDI,KIGULYA
MASINDI,NYANGAHYA
MASINDI,BUDONGO
MASINDI,BWIJANGA
MASINDI,KIMENGO
MASINDI,MIIRYA
MBARARA,BIHARWE
MBARARA,BUBAARE
MBARARA,BUKIIRO
MBARARA,KAGONGI
MBARARA,KAKIIKA
MBARARA,KASHARE
MBARARA,RUBAYA
MBARARA,RUBINDI
MBARARA,RWANYAMAHEMBE
MBARARA,KAKOBA
MBARARA,NDEIJA
MBARARA,NYAKAYOJO
MBARARA,RUGANDO
MBARARA,KAKOBA
MBARARA,KAMUKUZI
MBARARA,NYAMITANGA
MBARARA,BUGAMBA
MBARARA,MWIZI
MBARARA,NDEIJA
NTUNGAMO,BWONGYERA
NTUNGAMO,IHUNGA
NTUNGAMO,KIBATSI
NTUNGAMO,RUHAAMA
NTUNGAMO,RUKONI EAST
NTUNGAMO,RUKONI WEST
NTUNGAMO,RWEIKINIRO
NTUNGAMO,KAYONZA
NTUNGAMO,NGOMA
NTUNGAMO,RUBAARE
NTUNGAMO,RUBAARE TOWN COUNCIL
NTUNGAMO,KIBATSI
NTUNGAMO,NYABIHOKO
NTUNGAMO,RWASHAMAIRE TOWN COUNCIL
NTUNGAMO,CENTRAL DIVISION
NTUNGAMO,EASTERN DIVISION
NTUNGAMO,WESTERN DIVISION
NTUNGAMO,ITOJO
NTUNGAMO,KITWE TOWN COUNCIL
NTUNGAMO,NTUNGAMO
NTUNGAMO,NYAKYERA
NTUNGAMO,RUHAAMA
NTUNGAMO,RUBAARE TOWN COUNCIL
NTUNGAMO,RUGARAMA
RUKUNGIRI,BUYANJA
RUKUNGIRI,KEBISONI
RUKUNGIRI,NYAKISHENYI
RUKUNGIRI,NYARUSHANJE
RUKUNGIRI,NYAKAGYEME
RUKUNGIRI,RUHINDA
RUKUNGIRI,EASTERN DIVISION
RUKUNGIRI,SOUTHERN DIVISION
RUKUNGIRI,WESTERN DIVISION
RUKUNGIRI,NYARUSHANJE
RUKUNGIRI,BUGANGARI
RUKUNGIRI,BUHUNGA
RUKUNGIRI,BWAMBARA
RUKUNGIRI,NYAKAGYEME
KAMWENGE,BIGULI
KAMWENGE,BUSIRIBA
KAMWENGE,BWIZI
KAMWENGE,KABAMBIRO
KAMWENGE,KAHUNGE
KAMWENGE,MAHYORO
KAMWENGE,NKOMA
KAMWENGE,NTARA
KAMWENGE,NYABBANI
KAMWENGE,KAHUNGE
KAMWENGE,KAMWENGE
KAMWENGE,KAMWENGE TOWN COUNCIL
KAMWENGE,BIHANGA
KAMWENGE,BUHANDA
KAMWENGE,KANARA
KAMWENGE,KICHECHE
KAMWENGE,MAHYORO
KANUNGU,KAYONZA
KANUNGU,KIHIIHI
KANUNGU,KIHIIHI TOWN  COUNCIL
KANUNGU,KINAABA
KANUNGU,KIRIMA
KANUNGU,MPUNGU
KANUNGU,NYAKINONI
KANUNGU,NYAMIRAMA
KANUNGU,NYANGA
KANUNGU,RUGYEYO
KANUNGU,RUTENGA
KANUNGU,BUTOGOTA TOWN COUNCIL
KANUNGU,KAMBUGA
KANUNGU,KAMBUGA TOWN COUNCIL
KANUNGU,KANUNGU TOWN COUNCIL
KANUNGU,KANYANTOROGO
KANUNGU,KATETE
KANUNGU,KAYONZA
KYENJOJO,KIGARAALE
KYENJOJO,KIHUURA
KYENJOJO,KISOJO
KYENJOJO,KYARUSOZI
KYENJOJO,KYARUSOZI TC
KYENJOJO,KYENJOJO TC
KYENJOJO,NYABUHARWA
KYENJOJO,NYANKWANZI
KYENJOJO,NYANTUNGO
KYENJOJO,BUFUNJO
KYENJOJO,NYANTUNGO
KYENJOJO,BUFUNJO
KYENJOJO,BUGAAKI
KYENJOJO,BUTIITI
KYENJOJO,BUTUNDUZI
KYENJOJO,BUTUNDUZI TC
KYENJOJO,KATOOKE
KYENJOJO,KATOOKE TC
KYENJOJO,KIGARAALE
BULIISA,BIISO
BULIISA,BULIISA
BULIISA,BULIISA TOWN COUNCIL
BULIISA,BUTIABA
BULIISA,KIGWERA
BULIISA,KIHUNGYA
BULIISA,NGWEDO
IBANDA,BISHESHE
IBANDA,IBANDA TC
IBANDA,IGORORA TC
IBANDA,NYAMAREBE
IBANDA,RUKIRI
IBANDA,RUSHANGO TC
IBANDA,ISHONGORORO
IBANDA,ISHONGORORO TC
IBANDA,KASHANGURA
IBANDA,KEIHANGARA
IBANDA,KICUZI
IBANDA,KIJONGO
IBANDA,KIKYENKYE
IBANDA,NSASI
IBANDA,NYABUHIKYE
IBANDA,NYAMAREBE
ISINGIRO,ENDIINZI
ISINGIRO,KASHUMBA
ISINGIRO,MBAARE
ISINGIRO,NGARAMA
ISINGIRO,RUGAAGA
ISINGIRO,RUSHASHA
ISINGIRO,NYAKITUNDA
ISINGIRO,NYAMUYANJA
ISINGIRO,RUBOROGOTA
ISINGIRO,RUSHASHA
ISINGIRO,BIREERE
ISINGIRO,ISINGIRO TOWN COUNCIL
ISINGIRO,KABAREBERE TOWN COUNCIL
ISINGIRO,KABINGO
ISINGIRO,KABUYANDA
ISINGIRO,KABUYANDA TOWN COUNCIL
ISINGIRO,KIKAGATE
ISINGIRO,MASHA
ISINGIRO,NYAKITUNDA
KIRUHURA,BUREMBA
KIRUHURA,BURUNGA
KIRUHURA,ENGARI
KIRUHURA,KANONI
KIRUHURA,KAZO
KIRUHURA,KITURA
KIRUHURA,NYAKASHASHARA
KIRUHURA,SANGA
KIRUHURA,SANGA TC
KIRUHURA,KAZO
KIRUHURA,KAZO TC
KIRUHURA,NKUNGU
KIRUHURA,RWEMIKOMA
KIRUHURA,KANYARYERU
KIRUHURA,KASHONGI
KIRUHURA,KENSHUNGA
KIRUHURA,KIKAATSI
KIRUHURA,KINONI
KIRUHURA,KIRUHURA TC
KIRUHURA,KITURA
BUHWEJU,BIHANGA
BUHWEJU,BITSYA
BUHWEJU,BURERE
BUHWEJU,ENGAJU
BUHWEJU,KARUNGU
BUHWEJU,NSIIKA TOWN COUNCIL
BUHWEJU,NYAKISHANA
BUHWEJU,RWENGWE
KIRYANDONGO,BWEYALE TC
KIRYANDONGO,MUTUNDA
KIRYANDONGO,BWEYALE TC
KIRYANDONGO,KIGUMBA
KIRYANDONGO,KIGUMBA TC
KIRYANDONGO,KIRYANDONGO
KIRYANDONGO,KIRYANDONGO REFUGEE SETTLEMENT
KIRYANDONGO,KIRYANDONGO TC
KIRYANDONGO,MASINDI PORT
KIRYANDONGO,MUTUNDA
KYEGEGWA,HAPUUYO
KYEGEGWA,KABWEEZA-KYEGEGWA
KYEGEGWA,KAKABARA
KYEGEGWA,KASULE
KYEGEGWA,KYEGEGWA TC
KYEGEGWA,MPARA
KYEGEGWA,RUYONZA
KYEGEGWA,RWENTUHA
MITOOMA,BITEREKO
MITOOMA,KABIRA
MITOOMA,KANYABWANGA
MITOOMA,KASHENSHERO
MITOOMA,KASHENSHERO TOWN COUNCIL
MITOOMA,KATENGA
MITOOMA,KIYANGA
MITOOMA,MAYANGA
MITOOMA,MITOOMA
MITOOMA,MITOOMA TOWN COUNCIL
MITOOMA,MUTARA
MITOOMA,RUREHE
NTOROKO,BUTUNGAMA
NTOROKO,BWERAMULE
NTOROKO,KANARA
NTOROKO,KANARA TOWN COUNCIL
NTOROKO,KARUGUTU
NTOROKO,KARUGUTU TOWN COUNCIL
NTOROKO,KIBUUKU TOWN COUNCIL
NTOROKO,NOMBE
NTOROKO,RWEBISENGO
NTOROKO,RWEBISENGO TOWN COUNCIL
RUBIRIZI,KATUNGURU
RUBIRIZI,KICHWAMBA
RUBIRIZI,MAGAMBO
RUBIRIZI,RUBIRIZI TOWN COUNCIL
RUBIRIZI,RUTOTO
RUBIRIZI,RYERU
RUBIRIZI,KATANDA
RUBIRIZI,KATERERA
RUBIRIZI,KATERERA TOWN COUNCIL
RUBIRIZI,KIRUGU
RUBIRIZI,KYABAKARA
SHEEMA,BUGONGI TOWN COUNCIL
SHEEMA,KABWOHE-ITENDERO TC
SHEEMA,KAGANGO
SHEEMA,KASAANA
SHEEMA,KASHOZI  SC
SHEEMA,KITAGATA
SHEEMA,KYANGYENYI
SHEEMA,MASHERUKA
SHEEMA,RUGARAMA SC
SHEEMA,SHEEMA TC
SHEEMA,SHUUKU
SHEEMA,KASHOZI  SC
SHEEMA,KIGARAMA
SHEEMA,KITAGATA
